Plate,Row,Barcode,SampleID
1,1,ACAC,1_0_T1C1
1,1,GTCT,9_22_T1C2
1,1,TGGT,17_48_T1C3
1,1,CACT,25_88_T1C5
1,1,GATG,2_2_T2C1
1,1,TCAC,10_18_T2C1
1,1,CTGA,18_34_T2C1
1,1,AAGC,26_58_T2C1
1,1,GTAG,34_76_T2C4
1,1,GACA,42_92_T2C4
1,1,GTGA,4_6_T3C1
1,1,AGTC,12_22_T3C3
1,2,ACAC,2_2_T1C1
1,2,GTCT,10_24_T1C2
1,2,TGGT,18_64_T1C3
1,2,CACT,26_90_T1C5
1,2,GATG,3_4_T2C1
1,2,TCAC,11_20_T2C1
1,2,CTGA,19_38_T2C1
1,2,AAGC,27_60_T2C1
1,2,GTAG,35_78_T2C4
1,2,GACA,43_94_T2C4
1,2,GTGA,5_8_T3C1
1,2,AGTC,13_24_T3C3
1,3,ACAC,3_4_T1C1
1,3,GTCT,11_26_T1C2
1,3,TGGT,19_70_T1C3
1,3,CACT,27_92_T1C5
1,3,GATG,4_6_T2C1
1,3,TCAC,12_22_T2C1
1,3,CTGA,20_44_T2C1
1,3,AAGC,28_62_T2C3
1,3,GTAG,36_80_T2C4
1,3,GACA,44_96_T2C4
1,3,GTGA,6_10_T3C1
1,3,AGTC,14_26_T3C3
1,4,ACAC,4_6_T1C1
1,4,GTCT,12_28_T1C2
1,4,TGGT,20_78_T1C4
1,4,CACT,28_94_T1C5
1,4,GATG,5_8_T2C1
1,4,TCAC,13_24_T2C1
1,4,CTGA,21_46_T2C2
1,4,AAGC,29_64_T2C3
1,4,GTAG,37_82_T2C4
1,4,GACA,45_98_T2C5
1,4,GTGA,7_12_T3C2
1,4,AGTC,15_28_T3C3
1,5,ACAC,5_8_T1C1
1,5,GTCT,13_32_T1C3
1,5,TGGT,21_80_T1C4
1,5,CACT,29_96_T1C5
1,5,GATG,6_10_T2C1
1,5,TCAC,14_26_T2C1
1,5,CTGA,22_50_T2C1
1,5,AAGC,30_66_T2C3
1,5,GTAG,38_84_T2C4
1,5,GACA,46_100_T2C5
1,5,GTGA,8_14_T3C2
1,5,AGTC,16_30_T3C3
1,6,ACAC,6_16_T1C2
1,6,GTCT,14_34_T1C3
1,6,TGGT,22_82_T1C5
1,6,CACT,30_98_T1C5
1,6,GATG,7_12_T2C1
1,6,TCAC,15_28_T2C1
1,6,CTGA,23_52_T2C1
1,6,AAGC,31_70_T2C3
1,6,GTAG,39_86_T2C4
1,6,GACA,1_0_T3C1
1,6,GTGA,9_16_T3C2
1,6,AGTC,17_32_T3C3
1,7,ACAC,7_18_T1C2
1,7,GTCT,15_44_T1C3
1,7,TGGT,23_84_T1C5
1,7,CACT,31_100_T1C5
1,7,GATG,8_14_T2C1
1,7,TCAC,16_30_T2C1
1,7,CTGA,24_54_T2C1
1,7,AAGC,32_72_T2C3
1,7,GTAG,40_88_T2C4
1,7,GACA,2_2_T3C1
1,7,GTGA,10_18_T3C2
1,7,AGTC,18_34_T3C4
1,8,ACAC,8_20_T1C2
1,8,GTCT,16_46_T1C3
1,8,TGGT,24_86_T1C5
1,8,CACT,1_0_T2C1
1,8,GATG,9_16_T2C1
1,8,TCAC,17_32_T2C1
1,8,CTGA,25_56_T2C1
1,8,AAGC,33_74_T2C4
1,8,GTAG,41_90_T2C5
1,8,GACA,3_4_T3C1
1,8,GTGA,11_20_T3C2
2,1,ACAC,20_38_T3C4
2,1,GTCT,28_56_T3C5
2,1,TGGT,36_72_T3C6
2,1,CACT,44_88_T3C7
2,1,GATG,5_10_T4C1
2,1,TCAC,13_26_T4C1
2,1,CTGA,21_44_T4C2
2,1,AAGC,29_66_T4C4
2,1,GTAG,37_82_T4C4
2,1,GACA,3_4_T5C1
2,1,GTGA,11_20_T5C1
2,1,AGTC,19_36_T5C1
2,2,ACAC,21_42_T3C5
2,2,GTCT,29_58_T3C5
2,2,TGGT,37_74_T3C6
2,2,CACT,45_90_T3C7
2,2,GATG,6_12_T4C1
2,2,TCAC,14_28_T4C1
2,2,CTGA,22_52_T4C3
2,2,AAGC,30_68_T4C4
2,2,GTAG,38_84_T4C4
2,2,GACA,4_6_T5C1
2,2,GTGA,12_22_T5C1
2,2,AGTC,20_38_T5C1
2,3,ACAC,22_44_T3C5
2,3,GTCT,30_60_T3C5
2,3,TGGT,38_76_T3C6
2,3,CACT,46_92_T3C8
2,3,GATG,7_14_T4C1
2,3,TCAC,15_30_T4C1
2,3,CTGA,23_54_T4C3
2,3,AAGC,31_70_T4C4
2,3,GTAG,39_86_T4C4
2,3,GACA,5_8_T5C1
2,3,GTGA,13_24_T5C1
2,3,AGTC,21_40_T5C1
2,4,ACAC,23_46_T3C5
2,4,GTCT,31_62_T3C5
2,4,TGGT,39_78_T3C6
2,4,CACT,47_94_T3C8
2,4,GATG,8_16_T4C1
2,4,TCAC,16_32_T4C1
2,4,CTGA,24_56_T4C3
2,4,AAGC,32_72_T4C4
2,4,GTAG,40_88_T4C4
2,4,GACA,6_10_T5C1
2,4,GTGA,14_26_T5C1
2,4,AGTC,22_42_T5C1
2,5,ACAC,24_48_T3C5
2,5,GTCT,32_64_T3C5
2,5,TGGT,40_80_T3C6
2,5,CACT,1_0_T4C1
2,5,GATG,9_18_T4C1
2,5,TCAC,17_34_T4C1
2,5,CTGA,25_58_T4C3
2,5,AAGC,33_74_T4C4
2,5,GTAG,41_90_T4C4
2,5,GACA,7_12_T5C1
2,5,GTGA,15_28_T5C1
2,5,AGTC,23_44_T5C1
2,6,ACAC,25_50_T3C5
2,6,GTCT,33_66_T3C5
2,6,TGGT,41_82_T3C6
2,6,CACT,2_2_T4C1
2,6,GATG,10_20_T4C1
2,6,TCAC,18_36_T4C1
2,6,CTGA,26_60_T4C3
2,6,AAGC,34_76_T4C4
2,6,GTAG,42_100_T4C5
2,6,GACA,8_14_T5C1
2,6,GTGA,16_30_T5C1
2,6,AGTC,24_46_T5C1
2,7,ACAC,26_52_T3C5
2,7,GTCT,34_68_T3C5
2,7,TGGT,42_84_T3C6
2,7,CACT,3_4_T4C1
2,7,GATG,11_22_T4C1
2,7,TCAC,19_38_T4C1
2,7,CTGA,27_62_T4C3
2,7,AAGC,35_78_T4C4
2,7,GTAG,1_0_T5C1
2,7,GACA,9_16_T5C1
2,7,GTGA,17_32_T5C1
2,7,AGTC,25_48_T5C1
2,8,ACAC,27_54_T3C5
2,8,GTCT,35_70_T3C5
2,8,TGGT,43_86_T3C6
2,8,CACT,4_6_T4C1
2,8,GATG,12_24_T4C1
2,8,TCAC,20_40_T4C2
2,8,CTGA,28_64_T4C4
2,8,AAGC,36_80_T4C4
2,8,GTAG,2_2_T5C1
2,8,GACA,10_18_T5C1
2,8,GTGA,18_34_T5C1
2,8,AGTC,26_50_T5C1
3,1,ACAC,27_52_T5C1
3,1,GTCT,35_68_T5C1
3,1,TGGT,43_84_T5C1
3,1,CACT,51_100_T5C1
3,1,GATG,8_14_T6C5
3,1,TCAC,16_34_T6C5
3,1,CTGA,24_52_T6C5
3,1,AAGC,32_68_T6C5
3,1,GTAG,40_84_T6C5
3,1,GACA,48_100_T6C6
3,2,ACAC,28_54_T5C1
3,2,GTCT,36_70_T5C1
3,2,TGGT,44_86_T5C1
3,2,CACT,1_0_T6C1
3,2,GATG,9_18_T6C5
3,2,TCAC,17_36_T6C5
3,2,CTGA,25_54_T6C5
3,2,AAGC,33_70_T6C5
3,2,GTAG,41_86_T6C5
3,3,ACAC,29_56_T5C1
3,3,GTCT,37_72_T5C1
3,3,TGGT,45_88_T5C1
3,3,CACT,2_2_T6C2
3,3,GATG,10_20_T6C5
3,3,TCAC,18_38_T6C5
3,3,CTGA,26_56_T6C5
3,3,AAGC,34_72_T6C5
3,3,GTAG,42_88_T6C5
3,3,GACA,19_36_T3C4
3,4,ACAC,30_58_T5C1
3,4,GTCT,38_74_T5C1
3,4,TGGT,46_90_T5C1
3,4,CACT,3_4_T6C2
3,4,GATG,11_24_T6C5
3,4,TCAC,19_42_T6C5
3,4,CTGA,27_58_T6C5
3,4,AAGC,35_74_T6C5
3,4,GTAG,43_90_T6C5
3,5,ACAC,31_60_T5C1
3,5,GTCT,39_76_T5C1
3,5,TGGT,47_92_T5C1
3,5,CACT,4_6_T6C3
3,5,GATG,12_26_T6C5
3,5,TCAC,20_44_T6C5
3,5,CTGA,28_60_T6C5
3,5,AAGC,36_76_T6C5
3,5,GTAG,44_92_T6C6
3,6,ACAC,32_62_T5C1
3,6,GTCT,40_78_T5C1
3,6,TGGT,48_94_T5C1
3,6,CACT,5_8_T6C2
3,6,GATG,13_28_T6C5
3,6,TCAC,21_46_T6C5
3,6,CTGA,29_62_T6C5
3,6,AAGC,37_78_T6C5
3,6,GTAG,45_94_T6C7
3,7,ACAC,33_64_T5C1
3,7,GTCT,41_80_T5C1
3,7,TGGT,49_96_T5C1
3,7,CACT,6_10_T6C4
3,7,GATG,14_30_T6C5
3,7,TCAC,22_48_T6C5
3,7,CTGA,30_64_T6C5
3,7,AAGC,38_80_T6C5
3,7,GTAG,46_96_T6C8
3,8,ACAC,34_66_T5C1
3,8,GTCT,42_82_T5C1
3,8,TGGT,50_98_T5C1
3,8,CACT,7_12_T6C4
3,8,GATG,15_32_T6C5
3,8,TCAC,23_50_T6C5
3,8,CTGA,31_66_T6C5
3,8,AAGC,39_82_T6C5
3,8,GTAG,47_98_T6C6
